{"cameraMode":{"drawMode":0,"name":"Shaded","section":"Shading Mode"},"sceneLighting":true,"audioPlay":false,"sceneViewState":{"showFog":true,"showMaterialUpdate":false,"showSkybox":true,"showFlares":true,"showImageEffects":true,"showParticleSystems":true},"in2DMode":false,"pivot":{"x":0.6907780170440674,"y":-2.2038495540618898,"z":47.52320098876953},"rotation":{"x":-0.3830939829349518,"y":0.48253142833709719,"z":-0.24717587232589723,"w":-0.7478680610656738},"size":5.986856937408447,"orthographic":false}