{"cameraMode":{"drawMode":0,"name":"Shaded","section":"Shading Mode"},"sceneLighting":true,"audioPlay":false,"sceneViewState":{"showFog":true,"showMaterialUpdate":false,"showSkybox":true,"showFlares":true,"showImageEffects":true,"showParticleSystems":true},"in2DMode":false,"pivot":{"x":1.812349796295166,"y":5.366981506347656,"z":13.592599868774414},"rotation":{"x":0.052827153354883197,"y":0.9064938426017761,"z":-0.40156883001327517,"w":0.11925065517425537},"size":7.62797212600708,"orthographic":false}